sex,lives_with_partner,n_household,retired,age,age_partner,years_of_education,household_income,books_age_10,relative_math_ability_at_age_10,relative_language_ability_at_age_10
female,yes,2,no,69,67,13,27916,>25,better,better
male,no,1,yes,79,NA,14,17865,>25,same/worse,better
female,yes,2,yes,67,74,8,53233,>25,better,better
male,yes,2,yes,70,67,9,15213,>25,same/worse,same/worse
female,yes,2,yes,82,93,15,18061,>25,better,better
female,no,1,no,62,NA,19,49573,0-25,better,better
male,no,1,yes,73,NA,11,14555,>25,same/worse,better
male,no,1,yes,69,NA,13,18264,>25,same/worse,same/worse
female,yes,2,no,54,59,13,45903,>25,better,same/worse
male,yes,2,yes,81,71,18,29346,>25,better,better
female,yes,2,yes,74,73,11,20611,>25,same/worse,better
female,yes,2,yes,89,91,10,13675,0-25,same/worse,better
male,yes,2,yes,70,65,7,27460,0-25,same/worse,same/worse
male,yes,2,yes,66,63,16,35086,>25,better,same/worse
female,yes,2,yes,70,72,15,27930,>25,better,same/worse
female,yes,2,yes,81,75,10,47589,0-25,better,same/worse
male,yes,2,yes,73,66,10,57855,0-25,same/worse,same/worse
male,yes,2,no,64,59,10,23524,>25,better,same/worse
female,yes,2,no,61,68,16,21097,>25,same/worse,better
male,yes,2,no,58,55,8,26719,>25,same/worse,same/worse
female,yes,2,yes,69,70,17,56350,>25,same/worse,same/worse
male,no,1,yes,78,NA,6,2862,0-25,same/worse,better
male,yes,5,no,50,43,19,68672,>25,same/worse,same/worse
female,yes,2,yes,72,74,11,71567,>25,same/worse,same/worse
female,yes,2,no,55,60,14,38617,>25,better,better
male,yes,2,no,64,61,15,50846,>25,same/worse,better
female,yes,2,yes,73,88,10,42950,>25,better,better
male,yes,2,yes,71,67,13,35192,>25,better,better
female,yes,2,yes,72,72,19,34543,>25,better,better
female,no,1,yes,88,NA,9,3846,0-25,same/worse,same/worse
male,yes,2,no,61,57,13,49661,>25,better,better
female,no,1,yes,83,NA,8,7298,0-25,same/worse,better
female,yes,2,yes,69,77,16,33396,>25,better,better
male,yes,2,yes,77,69,12,21610,>25,same/worse,better
male,yes,2,yes,72,68,15,54831,>25,better,better
male,yes,2,yes,70,67,8,51424,0-25,better,same/worse
female,yes,2,yes,73,74,13,34244,>25,better,better
female,no,1,no,65,NA,18,7437,>25,same/worse,same/worse
male,yes,2,yes,74,73,1,36254,0-25,same/worse,same/worse
female,yes,2,yes,75,74,3,10928,0-25,better,better
male,yes,2,yes,86,74,12,17914,>25,same/worse,same/worse
female,yes,2,yes,87,77,9,40254,>25,same/worse,same/worse
male,yes,2,yes,73,70,11,19468,>25,same/worse,same/worse
female,no,1,yes,66,NA,7,12560,>25,same/worse,same/worse
male,no,1,yes,81,NA,12,17107,>25,better,same/worse
male,yes,2,yes,70,66,11,15343,>25,same/worse,better
male,yes,2,no,59,56,8,17392,>25,better,same/worse
female,no,1,yes,69,NA,11,16356,>25,better,better
female,yes,2,no,61,63,15,22300,>25,better,better
female,yes,2,no,56,60,9,107290,>25,same/worse,same/worse
female,yes,2,yes,77,73,6,44455,0-25,same/worse,same/worse
male,yes,2,yes,70,68,8,14600,>25,better,same/worse
female,yes,2,yes,80,82,10,38174,>25,better,better
female,no,1,yes,76,NA,9,2965,>25,same/worse,same/worse
male,yes,2,no,73,63,16,40666,>25,better,same/worse
female,yes,2,yes,65,73,11,23555,0-25,same/worse,same/worse
male,no,1,yes,70,NA,8,16052,>25,same/worse,same/worse
male,yes,2,yes,75,71,15,26520,>25,better,better
female,yes,2,yes,74,75,5,7096,0-25,better,same/worse
male,yes,2,yes,96,82,0,11591,0-25,same/worse,same/worse
female,yes,2,yes,67,68,17,49382,>25,same/worse,better
male,yes,3,yes,76,74,14,31398,0-25,better,better
male,yes,2,no,56,60,18,40517,>25,better,better
female,yes,2,no,60,74,17,30527,>25,better,better
male,yes,2,no,72,77,10,34571,>25,same/worse,same/worse
male,no,1,no,64,NA,13,9109,0-25,same/worse,same/worse
female,yes,2,yes,71,77,6,19505,0-25,better,better
male,yes,2,yes,68,70,16,31870,>25,same/worse,same/worse
female,yes,2,no,59,61,13,37925,>25,same/worse,better
male,yes,2,yes,98,83,18,28940,>25,better,same/worse
male,yes,2,yes,73,72,13,26660,0-25,better,same/worse
female,yes,2,yes,68,70,15,42693,>25,same/worse,same/worse
female,yes,2,yes,68,68,12,20135,0-25,same/worse,same/worse
female,no,1,yes,71,NA,14,30948,>25,same/worse,better
female,yes,2,no,54,58,18,43591,>25,better,better
female,no,1,yes,84,NA,5,11495,0-25,same/worse,same/worse
female,yes,2,yes,72,75,11,39161,>25,better,better
male,yes,2,yes,67,64,13,63404,>25,better,same/worse
female,yes,2,no,64,68,13,43777,0-25,better,better
male,yes,2,no,63,55,16,44632,>25,better,same/worse
male,yes,2,yes,69,65,10,32184,>25,same/worse,same/worse
female,yes,2,yes,65,68,14,32679,0-25,better,same/worse
female,yes,2,no,58,61,17,26899,0-25,same/worse,same/worse
male,yes,2,no,70,64,14,27842,>25,better,same/worse
female,yes,2,no,62,65,22,36852,>25,better,better
male,yes,2,no,58,64,9,25586,0-25,same/worse,same/worse
female,no,1,yes,70,NA,15,10781,>25,same/worse,same/worse
female,yes,2,yes,79,80,5,24785,0-25,same/worse,same/worse
male,no,1,yes,85,NA,10,18331,0-25,better,better
male,no,1,yes,72,NA,6,48615,>25,better,better
female,no,1,yes,75,NA,8,7802,>25,same/worse,same/worse
female,yes,2,yes,77,80,16,9380,>25,same/worse,same/worse
male,yes,2,yes,79,74,5,8030,0-25,same/worse,same/worse
male,yes,2,yes,67,64,15,15041,>25,same/worse,same/worse
female,yes,2,yes,75,83,10,23003,>25,same/worse,same/worse
male,yes,2,yes,72,69,14,22113,>25,better,same/worse
female,yes,2,yes,67,76,23,22702,>25,same/worse,same/worse
male,yes,2,yes,74,68,10,31508,0-25,same/worse,better
male,no,1,yes,73,NA,10,20367,>25,same/worse,better
male,yes,2,no,64,58,14,137557,>25,better,better
female,yes,2,no,70,67,17,90558,>25,better,better
female,yes,2,yes,74,71,9,27797,0-25,better,same/worse
female,no,1,yes,90,NA,6,34652,>25,same/worse,same/worse
female,no,1,no,59,NA,21,43556,>25,better,better
female,yes,2,no,56,59,13,29024,0-25,better,better
female,yes,2,no,58,66,9,63325,>25,better,same/worse
female,yes,2,yes,69,70,7,49310,0-25,better,better
female,yes,2,yes,69,74,10,28089,0-25,same/worse,same/worse
male,yes,2,no,65,59,10,23903,>25,same/worse,same/worse
female,yes,2,no,55,58,16,66952,>25,same/worse,better
female,no,1,yes,72,NA,8,17326,>25,same/worse,better
female,yes,2,yes,90,96,12,27443,>25,better,better
male,yes,2,yes,85,79,11,23184,>25,better,better
female,no,1,yes,85,NA,9,25442,0-25,same/worse,same/worse
female,no,1,yes,75,NA,10,24962,>25,better,better
female,yes,2,yes,70,73,11,26221,0-25,better,better
female,yes,2,yes,69,70,10,23091,0-25,same/worse,same/worse
female,yes,2,no,55,61,10,28220,0-25,same/worse,better
male,yes,2,no,55,53,5,37871,>25,same/worse,same/worse
female,yes,2,no,55,58,17,31913,>25,better,better
male,yes,2,no,59,59,17,49286,>25,better,better
male,yes,4,no,50,46,14,68448,>25,same/worse,same/worse
male,no,1,yes,72,NA,11,14883,0-25,same/worse,same/worse
female,no,1,yes,70,NA,7,45327,>25,same/worse,same/worse
female,no,1,yes,71,NA,15,11054,>25,better,same/worse
male,yes,2,yes,68,66,15,53113,0-25,better,same/worse
male,yes,4,no,52,52,19,60483,>25,better,better
female,yes,4,no,53,59,16,64766,>25,better,better
female,no,1,no,61,NA,9,16758,>25,better,same/worse
male,yes,2,no,56,58,10,20094,0-25,same/worse,same/worse
female,yes,2,no,57,62,11,51689,0-25,better,better
female,yes,2,yes,79,82,3,24176,0-25,same/worse,same/worse
female,no,1,yes,72,NA,13,33330,0-25,better,better
male,yes,2,no,65,60,9,22345,0-25,same/worse,same/worse
female,yes,2,yes,74,72,7,29145,0-25,better,same/worse
male,yes,2,yes,70,67,15,13174,0-25,same/worse,same/worse
male,yes,2,yes,73,72,15,42030,>25,better,same/worse
male,no,1,yes,72,NA,8,1440,0-25,same/worse,same/worse
male,yes,3,yes,80,75,15,32754,0-25,same/worse,better
female,yes,2,yes,69,76,16,24778,>25,better,better
male,yes,2,yes,71,67,11,28506,0-25,better,better
male,yes,2,yes,70,70,12,36983,>25,better,better
female,yes,2,yes,71,76,13,41581,0-25,better,better
male,no,1,yes,70,NA,9,15779,>25,better,same/worse
female,no,1,yes,85,NA,13,5279,0-25,better,better
male,yes,2,yes,71,70,11,16537,>25,same/worse,better
female,yes,2,yes,78,73,5,28598,0-25,same/worse,same/worse
male,yes,2,yes,75,71,5,31726,0-25,same/worse,same/worse
female,yes,2,yes,65,67,14,12088,>25,same/worse,same/worse
male,no,1,no,62,NA,17,33965,>25,better,better
female,yes,2,no,69,69,11,59249,0-25,same/worse,better
female,yes,2,yes,70,76,9,13986,0-25,better,better
male,yes,2,yes,77,69,7,24699,>25,same/worse,same/worse
female,no,1,yes,72,NA,9,5176,>25,better,better
male,no,1,yes,73,NA,19,18131,>25,better,better
female,no,1,yes,69,NA,9,8690,>25,same/worse,same/worse
male,yes,2,yes,81,74,10,21850,0-25,same/worse,same/worse
female,yes,2,yes,73,74,12,12862,>25,same/worse,better
male,yes,2,yes,72,66,14,40715,0-25,better,better
male,yes,2,yes,74,68,15,44511,0-25,better,same/worse
female,no,1,yes,73,NA,17,2492,0-25,same/worse,better
male,yes,2,yes,71,65,12,54347,>25,better,better
male,yes,3,no,60,62,16,60664,>25,better,same/worse
male,yes,2,no,63,61,11,22311,0-25,better,same/worse
female,yes,2,yes,73,72,9,22183,0-25,same/worse,better
male,no,1,yes,90,NA,10,32014,0-25,same/worse,same/worse
female,yes,2,yes,71,73,13,32079,>25,same/worse,same/worse
male,yes,2,yes,72,66,8,29747,>25,better,better
female,yes,2,yes,82,75,15,34836,0-25,better,same/worse
male,no,1,yes,78,NA,13,2063,>25,better,same/worse
male,no,1,yes,70,NA,14,15475,>25,same/worse,better
male,yes,2,yes,67,69,7,65237,0-25,same/worse,same/worse
female,yes,2,yes,98,85,14,59421,0-25,better,better
female,no,1,yes,78,NA,7,14765,>25,better,better
female,yes,2,yes,71,72,9,31676,0-25,better,better
male,yes,2,yes,64,65,11,52002,>25,better,better
female,no,1,yes,70,NA,17,19048,>25,better,better
male,yes,2,no,58,56,15,26169,>25,same/worse,same/worse
female,yes,2,no,64,62,11,19812,>25,same/worse,same/worse
male,yes,2,yes,70,66,21,29765,>25,better,better
male,yes,2,yes,73,69,10,11890,>25,better,same/worse
female,yes,2,yes,76,76,9,12349,>25,same/worse,same/worse
female,no,1,yes,68,NA,16,13093,>25,better,same/worse
male,yes,2,yes,70,65,13,74034,>25,better,same/worse
female,yes,2,yes,74,73,20,42838,>25,better,better
male,no,1,yes,79,NA,10,13035,0-25,same/worse,same/worse
female,no,1,yes,75,NA,11,8153,>25,same/worse,same/worse
female,no,1,yes,70,NA,7,17555,0-25,same/worse,same/worse
male,yes,2,yes,72,67,14,51708,>25,same/worse,better
male,yes,2,yes,74,74,8,26573,0-25,better,better
female,yes,2,no,61,60,11,35231,>25,same/worse,same/worse
male,no,1,yes,82,NA,18,11528,>25,better,same/worse
female,no,1,no,64,NA,14,18453,>25,same/worse,better
male,yes,3,no,63,60,13,50025,>25,better,better
female,yes,3,no,60,63,9,61422,0-25,same/worse,better
male,yes,2,no,55,56,10,67982,0-25,better,same/worse
female,yes,2,no,71,68,13,33573,>25,same/worse,better
male,no,1,yes,75,NA,8,15623,0-25,same/worse,better
male,yes,2,yes,72,85,15,37236,>25,better,better
female,yes,2,yes,66,75,18,58422,>25,better,better
female,no,1,yes,83,NA,8,3529,0-25,same/worse,better
female,no,1,yes,75,NA,6,29201,0-25,same/worse,same/worse
female,no,1,yes,73,NA,7,8659,0-25,same/worse,same/worse
female,yes,2,yes,68,68,4,19547,0-25,same/worse,same/worse
male,yes,2,yes,69,67,13,29796,0-25,better,better
male,yes,3,yes,65,61,16,37262,0-25,better,same/worse
female,no,1,yes,72,NA,12,22054,0-25,same/worse,same/worse
male,yes,2,yes,75,69,9,24204,0-25,same/worse,same/worse
female,yes,2,yes,65,73,15,66074,0-25,same/worse,same/worse
female,yes,2,yes,68,69,10,71879,>25,same/worse,same/worse
male,yes,2,yes,71,65,5,67420,>25,same/worse,same/worse
male,yes,2,yes,77,75,13,21147,>25,better,better
male,no,1,yes,76,NA,5,10385,0-25,better,same/worse
male,yes,2,yes,69,68,13,20303,0-25,same/worse,same/worse
female,yes,2,no,64,62,10,26192,>25,better,same/worse
female,no,1,no,59,NA,12,15913,0-25,better,same/worse
female,yes,2,yes,64,69,13,15781,>25,same/worse,same/worse
male,yes,2,yes,68,68,10,22166,>25,better,same/worse
female,yes,2,no,54,61,19,33895,>25,better,better
male,yes,2,yes,67,65,8,15394,>25,same/worse,same/worse
female,yes,2,yes,74,77,7,49452,>25,better,same/worse
male,yes,2,yes,73,67,4,23181,0-25,same/worse,same/worse
female,yes,2,yes,78,84,8,22891,0-25,better,better
male,yes,3,yes,86,74,13,37336,>25,same/worse,same/worse
female,yes,3,no,56,60,12,43671,>25,same/worse,same/worse
female,yes,2,yes,76,76,10,16908,0-25,better,better
male,yes,2,yes,72,69,9,13426,>25,same/worse,same/worse
female,yes,2,yes,67,70,10,19901,>25,better,better
male,yes,2,yes,75,81,13,18116,>25,better,better
female,no,1,no,63,NA,12,52007,0-25,same/worse,better
male,no,1,yes,76,NA,6,46563,0-25,better,same/worse
male,yes,2,no,64,60,10,38050,0-25,same/worse,same/worse
female,yes,2,no,61,62,13,28776,>25,same/worse,same/worse
female,no,1,no,70,NA,8,21773,0-25,same/worse,same/worse
female,yes,2,yes,71,72,17,19479,0-25,same/worse,better
male,yes,2,yes,74,75,13,25975,0-25,same/worse,better
female,yes,3,no,60,61,10,33036,0-25,better,better
male,yes,2,yes,74,68,9,22770,>25,same/worse,same/worse
female,yes,2,yes,69,80,3,29520,0-25,same/worse,same/worse
female,no,1,no,57,NA,19,34001,>25,better,better
female,yes,2,no,55,68,15,29211,>25,better,same/worse
male,yes,2,no,76,72,13,39187,>25,same/worse,better
female,yes,2,yes,67,71,22,29310,>25,better,better
male,yes,2,yes,88,75,4,44763,>25,same/worse,same/worse
female,yes,2,yes,67,67,13,13363,0-25,same/worse,same/worse
female,yes,2,yes,75,74,15,24515,0-25,better,better
female,yes,2,no,63,61,8,16115,0-25,same/worse,same/worse
female,no,1,yes,71,NA,12,3246,>25,same/worse,same/worse
male,no,1,no,68,NA,10,20179,0-25,same/worse,same/worse
female,yes,2,yes,66,67,12,18171,0-25,same/worse,better
male,yes,2,yes,67,64,11,44627,0-25,same/worse,same/worse
female,yes,2,no,56,74,17,46261,>25,better,better
male,no,1,yes,79,NA,0,8655,0-25,same/worse,same/worse
female,no,2,no,53,NA,9,88984,>25,same/worse,same/worse
female,yes,2,no,62,66,18,29011,>25,same/worse,better
male,yes,2,no,58,54,4,15240,0-25,same/worse,same/worse
male,yes,2,yes,87,77,18,47792,>25,better,better
male,yes,2,yes,72,68,6,24401,0-25,same/worse,same/worse
female,yes,2,yes,75,71,11,12142,>25,same/worse,same/worse
male,yes,2,yes,67,65,9,24839,>25,same/worse,better
female,yes,2,yes,66,72,13,32267,>25,same/worse,better
male,yes,2,yes,65,61,14,27423,>25,better,same/worse
female,yes,2,yes,66,68,17,37112,>25,same/worse,better
female,no,1,yes,73,NA,18,20031,>25,same/worse,same/worse
male,yes,2,no,56,55,15,46653,>25,better,better
female,yes,2,yes,86,79,9,31968,>25,same/worse,same/worse
male,yes,2,yes,73,68,9,36133,0-25,same/worse,better
female,no,1,yes,71,NA,5,4499,0-25,same/worse,same/worse
male,yes,2,yes,80,70,14,54150,>25,same/worse,same/worse
female,yes,2,yes,70,75,13,22423,0-25,same/worse,same/worse
female,no,1,yes,75,NA,14,8730,0-25,better,better
female,yes,2,yes,74,77,8,97036,0-25,better,same/worse
female,no,1,yes,72,NA,12,33512,>25,better,better
female,yes,2,no,63,63,8,45298,>25,better,better
male,yes,2,yes,75,70,17,23790,>25,better,same/worse
female,yes,2,no,55,60,6,68087,0-25,same/worse,same/worse
male,yes,2,no,82,73,17,38583,>25,better,better
female,no,1,yes,80,NA,8,6078,0-25,same/worse,better
female,no,1,yes,71,NA,10,26668,0-25,same/worse,better
female,yes,2,yes,83,79,17,39607,>25,better,better
male,yes,2,yes,68,65,9,51945,0-25,same/worse,better
female,yes,2,yes,68,76,11,23357,>25,better,same/worse
male,yes,2,yes,71,78,19,33736,>25,better,better
female,no,1,no,73,NA,13,48965,>25,better,better
female,yes,2,yes,86,78,14,27235,>25,same/worse,better
male,yes,2,yes,69,66,20,62716,0-25,better,same/worse
male,yes,2,no,70,67,9,14637,0-25,same/worse,better
female,yes,2,no,67,66,12,16119,0-25,better,better
female,no,1,yes,73,NA,9,17653,>25,better,better
female,no,1,yes,72,NA,10,26029,0-25,better,same/worse
female,no,1,yes,73,NA,10,4702,>25,same/worse,better
female,no,1,yes,83,NA,8,9869,0-25,better,better
female,no,1,yes,69,NA,9,51167,0-25,same/worse,same/worse
female,yes,2,yes,68,69,10,19582,0-25,better,better
male,no,1,yes,77,NA,6,53148,>25,better,same/worse
female,yes,2,yes,68,70,16,27590,>25,better,better
male,yes,2,yes,70,67,10,32471,>25,same/worse,better
female,no,1,yes,80,NA,11,4906,0-25,same/worse,same/worse
male,no,1,no,61,NA,22,24788,>25,better,same/worse
male,no,1,yes,79,NA,6,386,0-25,better,same/worse
male,yes,2,yes,69,67,6,7885,0-25,same/worse,same/worse
female,yes,2,yes,89,82,11,39196,>25,better,same/worse
female,yes,2,yes,74,72,19,37259,>25,better,same/worse
male,yes,2,yes,71,65,14,11552,>25,better,same/worse
female,no,1,yes,69,NA,12,43951,>25,same/worse,better
female,yes,4,no,55,56,14,65078,>25,better,same/worse
male,yes,4,no,59,55,7,74446,>25,same/worse,same/worse
female,yes,2,yes,70,72,10,31209,>25,same/worse,better
male,yes,2,yes,70,65,9,22756,>25,same/worse,same/worse
male,no,1,yes,81,NA,10,21572,0-25,better,same/worse
female,no,1,yes,74,NA,2,12738,0-25,same/worse,same/worse
female,yes,2,yes,77,76,9,10984,0-25,better,better
male,yes,2,yes,71,70,7,43918,>25,better,better
male,yes,2,no,55,53,13,24802,>25,same/worse,same/worse
female,yes,2,yes,66,69,15,34792,>25,same/worse,better
female,yes,2,yes,66,70,9,25874,>25,same/worse,same/worse
male,yes,2,yes,70,70,12,24178,>25,better,same/worse
male,yes,2,yes,71,77,17,22459,0-25,better,better
female,yes,2,yes,72,73,15,19847,0-25,same/worse,same/worse
female,yes,2,no,56,66,11,72633,>25,same/worse,same/worse
female,yes,2,yes,73,74,11,40677,>25,same/worse,same/worse
male,yes,2,no,62,56,11,38471,>25,same/worse,same/worse
male,yes,2,no,60,56,17,33558,>25,better,better
female,no,1,yes,67,NA,9,15097,>25,better,same/worse
female,yes,2,no,56,62,15,18183,>25,same/worse,same/worse
female,yes,2,yes,68,71,11,15876,0-25,same/worse,same/worse
male,yes,2,yes,72,73,16,68941,>25,same/worse,same/worse
male,yes,2,no,57,55,25,34591,>25,same/worse,better
male,yes,2,yes,78,68,17,22718,>25,better,better
female,yes,2,yes,75,77,9,20760,0-25,same/worse,same/worse
male,yes,2,yes,79,73,5,28214,>25,same/worse,same/worse
male,yes,2,no,66,62,8,26524,0-25,same/worse,same/worse
female,yes,2,yes,64,65,11,26436,0-25,same/worse,same/worse
female,yes,2,yes,71,71,14,35266,0-25,same/worse,same/worse
male,yes,2,yes,74,78,6,22561,>25,better,better
male,yes,2,yes,73,71,8,14673,>25,better,better
female,yes,2,yes,70,79,14,11439,>25,same/worse,better
male,yes,2,yes,66,64,12,56910,>25,same/worse,same/worse
female,yes,2,yes,87,78,7,39126,>25,better,better
female,no,1,yes,73,NA,9,1246,0-25,same/worse,same/worse
female,no,1,yes,85,NA,12,22093,>25,better,better
female,no,2,no,64,NA,9,29586,0-25,same/worse,better
male,yes,2,yes,78,72,13,22185,>25,same/worse,better
female,yes,2,yes,73,74,15,29655,>25,better,same/worse
male,yes,2,yes,71,76,10,8881,0-25,better,same/worse
female,yes,2,yes,77,79,12,33348,0-25,same/worse,same/worse
female,yes,2,yes,72,70,5,34478,>25,better,same/worse
male,yes,2,yes,69,66,12,52011,>25,better,better
male,yes,3,no,55,52,12,37444,>25,better,same/worse
male,yes,6,no,51,50,14,96808,>25,better,better
female,yes,2,no,64,62,12,74363,>25,better,same/worse
female,yes,2,no,61,60,15,54944,0-25,better,same/worse
female,no,1,no,62,NA,7,5900,0-25,same/worse,same/worse
female,yes,2,yes,93,84,8,31789,0-25,same/worse,better
male,yes,2,no,59,56,11,21196,0-25,same/worse,same/worse
female,yes,2,no,80,70,21,27409,>25,same/worse,better
male,yes,2,yes,78,74,10,16540,0-25,better,same/worse
female,yes,2,yes,71,69,14,12334,0-25,same/worse,same/worse
male,yes,2,yes,70,65,15,12526,0-25,same/worse,same/worse
female,no,1,yes,73,NA,15,966,0-25,same/worse,same/worse
male,yes,2,yes,81,70,15,34861,>25,same/worse,same/worse
female,yes,2,yes,82,77,15,57714,0-25,better,better
female,yes,2,no,76,71,20,32787,>25,better,better
male,yes,2,yes,68,65,16,23134,>25,better,same/worse
female,no,1,yes,73,NA,17,15214,>25,same/worse,better
female,yes,2,yes,84,77,18,29083,>25,better,better
male,yes,2,yes,71,68,10,38513,0-25,better,better
female,no,1,no,60,NA,9,10794,>25,same/worse,same/worse
female,yes,2,yes,75,74,11,27396,>25,better,better
male,yes,2,yes,70,65,13,27246,>25,better,same/worse
female,yes,2,yes,67,69,17,41426,>25,better,same/worse
female,yes,2,no,67,66,6,75733,0-25,same/worse,same/worse
male,yes,2,yes,74,68,9,33098,0-25,better,better
male,yes,3,no,69,62,8,82199,0-25,same/worse,same/worse
male,no,1,yes,77,NA,9,5607,0-25,same/worse,same/worse
male,yes,2,yes,75,68,12,33055,0-25,same/worse,same/worse
female,yes,2,yes,69,78,9,53470,0-25,same/worse,better
male,yes,3,no,60,55,10,35504,0-25,same/worse,same/worse
male,yes,2,yes,77,73,6,74684,0-25,better,better
female,yes,2,yes,74,73,8,40181,0-25,better,better
male,yes,2,yes,74,73,11,28320,0-25,better,same/worse
female,yes,2,yes,68,76,15,41843,>25,better,better
female,no,1,yes,72,NA,7,10428,0-25,same/worse,better
male,no,1,no,63,NA,11,14716,>25,better,same/worse
female,no,1,yes,71,NA,18,3544,>25,better,better
female,yes,2,yes,69,71,13,26757,>25,same/worse,better
male,yes,2,yes,92,76,9,37249,>25,same/worse,same/worse
male,no,1,yes,76,NA,7,24249,0-25,better,better
female,yes,2,no,69,66,13,30783,>25,better,better
male,yes,2,no,57,57,13,45223,>25,same/worse,same/worse
female,yes,2,yes,74,72,10,15805,0-25,better,better
male,yes,2,yes,67,69,17,35104,>25,better,better
female,no,1,no,62,NA,14,3573,>25,same/worse,same/worse
male,no,1,yes,71,NA,12,24796,>25,better,same/worse
male,yes,2,no,63,57,13,26645,>25,better,same/worse
female,yes,2,no,68,63,8,29325,0-25,same/worse,same/worse
female,yes,2,yes,74,73,12,24963,>25,better,better
male,yes,2,yes,72,74,13,30146,>25,better,better
female,yes,2,yes,70,78,11,13380,>25,same/worse,same/worse
female,yes,2,no,59,66,22,20160,>25,better,better
male,yes,2,no,57,61,12,45005,>25,better,better
male,no,1,no,62,NA,11,3806,>25,same/worse,same/worse
male,no,1,yes,82,NA,15,17997,>25,better,better
female,yes,2,yes,89,80,14,18966,0-25,better,better
male,yes,2,yes,68,65,8,37509,>25,better,better
female,yes,2,yes,65,75,15,30685,>25,same/worse,better
male,yes,2,yes,66,64,8,75327,0-25,same/worse,same/worse
female,yes,2,yes,68,73,16,24407,>25,better,better
male,yes,2,yes,84,81,5,14537,0-25,better,same/worse
female,no,1,yes,84,NA,8,1294,0-25,same/worse,same/worse
male,yes,2,no,60,61,12,22859,0-25,same/worse,same/worse
female,yes,2,no,54,62,17,30844,>25,better,same/worse
male,yes,2,no,63,57,9,37517,0-25,better,same/worse
female,no,1,yes,70,NA,20,26022,>25,better,better
female,no,1,yes,80,NA,14,38477,>25,same/worse,same/worse
female,no,1,yes,74,NA,11,1432,0-25,same/worse,same/worse
female,yes,3,no,54,60,20,42632,>25,better,better
male,yes,3,yes,75,68,15,51588,>25,better,better
male,yes,2,yes,72,67,15,24704,>25,same/worse,better
female,yes,2,yes,94,83,16,20487,>25,same/worse,same/worse
female,yes,2,yes,68,71,15,19209,0-25,better,same/worse
female,yes,2,yes,72,78,9,17582,0-25,same/worse,same/worse
male,yes,2,yes,78,71,6,16900,0-25,same/worse,same/worse
male,yes,2,yes,66,68,12,32083,>25,better,better
male,no,3,no,57,NA,15,49698,>25,better,better
female,yes,2,yes,76,72,13,15675,0-25,same/worse,better
male,yes,2,yes,70,67,14,62686,>25,better,same/worse
male,no,1,yes,73,NA,12,30101,>25,same/worse,same/worse
female,yes,2,yes,68,68,12,22255,0-25,better,same/worse
male,yes,2,yes,73,67,12,31594,>25,better,same/worse
female,no,1,yes,71,NA,4,9021,0-25,same/worse,same/worse
male,yes,4,no,52,51,4,46189,0-25,better,same/worse
female,yes,4,no,60,56,15,68553,>25,same/worse,better
female,yes,2,yes,66,68,10,28074,>25,same/worse,same/worse
female,yes,3,no,59,62,13,45164,0-25,better,better
male,yes,3,no,52,56,17,70459,>25,better,better
male,yes,2,yes,75,69,4,6299,0-25,same/worse,same/worse
female,no,1,yes,68,NA,12,16000,>25,same/worse,same/worse
female,yes,2,yes,71,81,14,58002,>25,same/worse,same/worse
female,yes,2,no,58,64,10,40989,>25,same/worse,same/worse
male,yes,2,yes,79,70,10,65417,>25,better,same/worse
female,no,1,yes,80,NA,7,7050,0-25,same/worse,better
male,yes,2,yes,81,72,13,21918,0-25,same/worse,same/worse
female,yes,2,yes,69,73,10,25237,0-25,same/worse,same/worse
female,no,1,yes,71,NA,13,23367,>25,same/worse,same/worse
male,yes,2,yes,72,66,7,22367,0-25,better,same/worse
female,no,1,yes,69,NA,11,29565,>25,better,better
male,yes,2,no,59,55,14,30743,>25,better,same/worse
male,no,1,yes,78,NA,11,1712,>25,better,same/worse
male,no,1,yes,78,NA,6,867,0-25,same/worse,same/worse
female,no,1,yes,82,NA,13,26189,>25,better,better
male,no,1,no,61,NA,6,37312,0-25,better,same/worse
male,yes,2,yes,88,76,11,25246,>25,better,better
female,yes,2,yes,84,76,14,29694,>25,same/worse,better
male,yes,2,yes,71,66,13,36012,0-25,better,better
female,yes,2,no,56,59,18,65763,>25,same/worse,better
female,no,1,yes,82,NA,8,2282,0-25,same/worse,better
female,no,1,yes,73,NA,11,6713,0-25,better,better
female,no,1,yes,76,NA,16,4099,>25,better,better
female,yes,2,no,65,79,14,35512,>25,better,same/worse
male,yes,2,yes,82,70,11,37733,>25,same/worse,better
male,yes,2,yes,75,68,13,46935,>25,better,same/worse
male,yes,2,no,66,58,9,49302,>25,same/worse,same/worse
female,no,1,yes,74,NA,14,17806,>25,better,better
female,yes,2,no,64,63,14,32107,>25,better,better
male,yes,2,yes,69,66,20,29455,>25,better,better
male,yes,2,yes,83,71,10,38835,>25,same/worse,better
female,no,2,yes,76,NA,11,10005,>25,better,better
female,no,1,yes,71,NA,11,7961,0-25,same/worse,better
male,no,1,yes,78,NA,5,3605,0-25,same/worse,same/worse
female,no,1,no,59,NA,12,11093,0-25,same/worse,better
female,no,1,yes,73,NA,10,4028,>25,same/worse,better
female,no,1,yes,74,NA,6,1451,0-25,same/worse,same/worse
female,yes,5,no,50,54,17,75310,>25,better,better
male,yes,2,yes,69,74,4,31177,>25,better,better
female,yes,2,yes,71,72,8,17152,0-25,better,better
female,no,1,yes,72,NA,12,7540,0-25,same/worse,same/worse
male,yes,3,no,60,63,13,39252,0-25,better,same/worse
female,no,1,no,58,NA,14,10007,>25,same/worse,better
male,yes,2,yes,71,72,17,33790,>25,better,better
male,yes,2,yes,77,69,16,40187,>25,better,better
female,yes,2,yes,65,73,15,28911,>25,better,better
male,yes,2,yes,71,65,21,37350,>25,better,better
female,yes,2,yes,68,72,20,43349,>25,better,better
female,no,1,yes,73,NA,7,11284,>25,same/worse,same/worse
female,no,1,yes,92,NA,8,1635,0-25,same/worse,same/worse
female,no,1,yes,73,NA,7,40483,0-25,better,same/worse
female,yes,2,yes,73,74,21,27830,>25,better,better
male,yes,2,yes,76,71,14,23991,>25,better,better
female,yes,2,yes,67,70,10,32440,>25,better,better
male,yes,2,yes,71,66,22,52505,>25,same/worse,same/worse
male,yes,2,yes,69,65,12,17146,>25,same/worse,same/worse
female,yes,2,yes,69,69,10,5660,0-25,same/worse,same/worse
female,no,1,yes,68,NA,13,70303,0-25,better,same/worse
male,no,1,yes,83,NA,9,4930,0-25,same/worse,same/worse
female,yes,2,yes,67,71,7,12823,>25,same/worse,same/worse
male,yes,2,yes,68,63,16,13281,>25,same/worse,same/worse
female,no,1,yes,79,NA,10,20202,>25,same/worse,better
male,no,1,yes,84,NA,9,20661,>25,better,better
male,yes,2,yes,82,71,10,16743,0-25,better,same/worse
female,yes,2,yes,72,71,8,21097,0-25,same/worse,same/worse
male,yes,3,no,54,52,19,43610,>25,better,better
female,no,1,yes,80,NA,10,3957,>25,better,better
female,no,1,yes,76,NA,7,55,0-25,same/worse,better
female,yes,2,no,54,68,15,38977,>25,same/worse,better
female,yes,2,no,71,65,12,32192,>25,same/worse,same/worse
male,yes,2,yes,80,82,11,43676,>25,same/worse,better
female,yes,2,no,54,62,17,51356,>25,same/worse,better
male,yes,2,yes,75,70,13,15611,0-25,same/worse,better
male,no,1,no,72,NA,10,41427,>25,same/worse,better
female,no,1,yes,68,NA,10,9990,>25,same/worse,same/worse
female,yes,2,no,53,62,9,28722,>25,same/worse,same/worse
male,yes,2,yes,67,65,10,34281,0-25,same/worse,same/worse
male,yes,2,yes,67,64,16,46555,>25,better,better
female,yes,2,yes,66,71,11,33527,>25,better,better
female,yes,2,yes,86,80,11,23640,0-25,better,better
male,yes,2,yes,70,73,10,11460,>25,better,same/worse
female,no,1,yes,77,NA,14,7882,>25,same/worse,same/worse
male,yes,2,yes,80,76,8,8255,0-25,same/worse,same/worse
female,yes,2,yes,80,78,4,22737,0-25,same/worse,same/worse
male,yes,2,no,58,56,15,19711,>25,same/worse,same/worse
female,no,3,yes,74,NA,15,34459,>25,better,better
male,yes,3,yes,65,64,11,42069,0-25,same/worse,better
female,yes,2,yes,68,69,8,17649,>25,same/worse,better
male,yes,2,yes,74,79,11,34119,>25,better,better
female,no,1,yes,74,NA,13,17836,>25,better,better
female,no,1,no,60,NA,10,12715,>25,same/worse,better
female,yes,2,yes,71,74,12,56030,>25,better,better
female,no,1,yes,71,NA,13,1020,>25,same/worse,same/worse
female,yes,2,yes,91,79,9,31796,0-25,better,same/worse
male,yes,2,yes,66,63,6,28490,>25,same/worse,same/worse
male,no,1,yes,76,NA,7,3076,0-25,same/worse,same/worse
female,yes,2,no,59,68,16,31672,>25,same/worse,better
male,yes,2,yes,75,72,3,64120,>25,same/worse,same/worse
female,yes,2,no,65,64,14,29387,>25,better,better
female,yes,2,yes,84,80,13,27032,>25,better,better
male,yes,2,yes,71,68,18,54436,>25,same/worse,same/worse
female,yes,2,yes,67,72,10,59243,>25,same/worse,better
female,yes,2,no,56,58,12,29532,0-25,better,same/worse
male,yes,2,yes,70,69,16,26235,>25,same/worse,same/worse
male,no,1,yes,78,NA,6,7361,0-25,better,better
male,no,1,yes,75,NA,5,5239,0-25,same/worse,same/worse
female,no,1,yes,72,NA,13,69345,>25,better,better
female,yes,2,no,59,60,17,48938,>25,better,better
male,yes,2,no,62,59,12,37870,>25,same/worse,same/worse
female,yes,2,yes,69,71,14,89497,>25,same/worse,better
male,yes,2,yes,71,67,12,18153,0-25,better,same/worse
female,yes,2,yes,74,73,14,16183,>25,same/worse,better
male,yes,2,yes,69,66,11,85694,>25,same/worse,better
male,yes,2,yes,79,72,5,38519,0-25,better,better
male,yes,2,yes,70,69,5,27364,>25,better,better
male,yes,3,no,61,66,14,47500,0-25,same/worse,same/worse
female,no,1,yes,68,NA,9,25049,0-25,better,same/worse
male,yes,2,no,81,70,7,25589,>25,same/worse,same/worse
female,yes,2,no,58,61,13,28911,>25,same/worse,better
male,yes,4,yes,65,66,8,67407,0-25,same/worse,same/worse
female,no,1,yes,76,NA,12,6451,0-25,same/worse,better
male,yes,2,yes,71,66,20,26800,0-25,better,same/worse
female,no,1,yes,73,NA,13,91045,>25,better,better
female,no,1,no,62,NA,7,24405,>25,same/worse,same/worse
female,yes,2,yes,79,76,12,16525,>25,better,better
male,yes,2,no,57,56,4,17769,0-25,same/worse,same/worse
female,no,1,yes,98,NA,6,18520,>25,same/worse,same/worse
male,yes,2,no,57,58,10,47303,0-25,same/worse,same/worse
female,no,1,yes,85,NA,8,6130,0-25,better,same/worse
male,yes,3,no,57,63,4,41071,>25,better,same/worse
female,yes,3,no,56,62,11,57266,>25,same/worse,better
female,yes,2,yes,74,71,16,43283,>25,better,better
female,no,1,no,64,NA,10,87049,0-25,better,better
female,yes,2,no,65,66,15,40233,>25,same/worse,same/worse
male,yes,2,no,61,56,11,87717,0-25,same/worse,same/worse
female,yes,2,no,59,64,5,31292,0-25,same/worse,same/worse
male,yes,2,no,62,58,14,40172,>25,same/worse,same/worse
female,yes,2,yes,72,72,9,39625,>25,better,better
male,yes,2,yes,70,66,10,13060,0-25,same/worse,same/worse
female,yes,2,yes,65,72,15,43025,>25,same/worse,better
male,yes,2,yes,85,73,18,43401,0-25,better,better
female,no,1,yes,69,NA,16,21254,0-25,same/worse,same/worse
male,yes,2,no,65,59,19,24069,>25,better,same/worse
female,yes,2,no,65,62,9,19357,0-25,same/worse,same/worse
male,no,1,yes,82,NA,14,24003,>25,same/worse,same/worse
male,yes,3,no,53,52,18,77918,>25,same/worse,better
female,yes,3,no,54,60,12,44169,>25,better,better
male,yes,2,yes,69,65,15,30044,>25,better,better
male,yes,2,no,55,53,15,47398,>25,same/worse,same/worse
male,no,1,yes,77,NA,12,8116,0-25,same/worse,same/worse
male,no,1,yes,73,NA,13,36603,>25,same/worse,same/worse
male,yes,2,yes,80,76,7,39053,>25,same/worse,same/worse
male,yes,2,yes,82,74,11,23128,0-25,same/worse,same/worse
male,no,1,yes,97,NA,9,24711,0-25,same/worse,same/worse
male,yes,2,yes,69,67,12,17005,0-25,same/worse,same/worse
female,yes,2,yes,66,78,11,55448,>25,same/worse,same/worse
male,yes,2,yes,78,71,7,22890,0-25,better,better
female,yes,2,no,56,63,19,38943,>25,same/worse,same/worse
female,yes,2,yes,67,69,18,25518,>25,same/worse,better
male,yes,2,yes,72,67,11,50424,>25,same/worse,same/worse
male,yes,2,yes,76,67,11,25686,>25,same/worse,same/worse
female,yes,2,yes,69,71,8,19135,>25,same/worse,same/worse
male,yes,2,no,60,56,9,51282,>25,better,better
female,yes,2,no,73,67,13,33569,>25,same/worse,better
male,yes,2,yes,67,69,13,17964,>25,same/worse,same/worse
female,yes,2,yes,69,72,9,20094,0-25,same/worse,better
male,yes,2,no,64,66,14,30818,0-25,same/worse,better
female,yes,2,no,56,61,7,103022,0-25,same/worse,same/worse
male,yes,2,yes,67,68,13,22280,>25,better,better
female,no,1,yes,81,NA,5,14223,0-25,same/worse,same/worse
male,yes,2,yes,69,67,17,64740,>25,better,better
female,yes,2,yes,69,75,15,60865,>25,same/worse,same/worse
male,yes,2,yes,69,67,11,34476,>25,same/worse,same/worse
male,no,1,no,61,NA,13,46953,>25,better,better
female,no,1,yes,83,NA,7,5393,0-25,better,better
female,yes,2,yes,73,70,12,56802,>25,same/worse,same/worse
male,yes,2,yes,67,69,11,15224,>25,same/worse,same/worse
male,yes,2,yes,77,74,8,36490,0-25,same/worse,better
male,no,1,yes,75,NA,13,4344,0-25,same/worse,same/worse
male,yes,2,no,81,67,14,42495,>25,same/worse,same/worse
female,yes,2,no,82,72,10,60645,>25,better,better
female,no,1,yes,73,NA,10,9081,0-25,same/worse,same/worse
female,no,1,no,71,NA,10,29557,>25,better,better
male,yes,3,no,52,53,15,42080,>25,better,better
female,yes,3,no,61,67,15,39536,>25,better,better
male,yes,2,yes,77,70,10,19046,0-25,better,same/worse
female,yes,2,yes,72,73,12,23478,>25,better,better
female,yes,2,yes,68,69,19,36220,>25,same/worse,better
male,yes,2,yes,69,65,15,20134,>25,better,same/worse
female,yes,2,yes,71,72,10,9616,0-25,same/worse,better
male,yes,2,yes,73,66,7,21638,>25,better,same/worse
female,yes,2,yes,69,73,10,25052,0-25,same/worse,same/worse
female,no,1,yes,77,NA,4,3522,0-25,same/worse,same/worse
male,yes,2,yes,71,67,13,54510,>25,better,better
female,yes,2,no,59,72,14,52390,>25,same/worse,better
female,no,1,no,58,NA,9,460,>25,same/worse,same/worse
female,no,1,yes,73,NA,5,20966,0-25,better,same/worse
male,yes,2,no,56,60,7,30083,>25,same/worse,same/worse
female,no,2,yes,65,NA,9,30980,>25,same/worse,same/worse
male,yes,2,yes,71,69,14,20795,>25,better,same/worse
female,yes,2,yes,69,71,15,24874,>25,same/worse,better
female,yes,2,no,72,67,8,41345,>25,better,better
male,yes,2,no,60,56,14,38725,>25,same/worse,same/worse
female,no,1,yes,80,NA,11,45638,0-25,better,better
male,no,1,yes,80,NA,8,18054,0-25,same/worse,same/worse
male,yes,2,yes,70,68,16,28922,0-25,better,better
male,yes,2,no,58,58,18,38648,0-25,better,same/worse
female,yes,2,yes,96,91,12,23489,0-25,better,better
male,no,1,yes,76,NA,9,10669,>25,same/worse,same/worse
male,yes,2,yes,74,73,17,52625,>25,same/worse,same/worse
female,yes,2,yes,66,72,13,25357,0-25,same/worse,same/worse
male,yes,2,no,61,57,8,66793,0-25,same/worse,better
male,yes,2,no,61,59,17,35503,>25,better,better
female,yes,2,no,63,67,16,71365,>25,better,better
male,yes,2,no,65,59,10,31519,0-25,same/worse,same/worse
female,yes,2,yes,81,87,11,15075,0-25,better,better
male,no,1,yes,76,NA,2,11172,0-25,better,same/worse
female,no,3,no,58,NA,8,33533,0-25,same/worse,same/worse
male,yes,2,yes,76,69,10,28433,0-25,same/worse,same/worse
female,yes,2,no,61,62,14,61388,0-25,same/worse,same/worse
male,yes,2,no,60,57,12,31340,>25,better,better
female,yes,2,yes,86,77,13,16536,0-25,same/worse,same/worse
male,yes,2,yes,73,68,16,37213,>25,better,same/worse
female,yes,2,yes,71,82,15,45708,>25,same/worse,better
male,yes,2,yes,82,71,12,9456,>25,same/worse,better
female,yes,2,yes,73,71,11,11664,>25,better,same/worse
male,no,1,no,59,NA,15,25533,>25,better,better
male,yes,2,no,59,56,18,54950,>25,better,better
male,no,1,no,68,NA,14,37874,0-25,better,better
female,no,1,no,54,NA,10,18154,>25,same/worse,same/worse
male,yes,2,no,59,57,12,64627,>25,better,better
female,no,1,yes,75,NA,8,6326,0-25,same/worse,same/worse
male,yes,2,no,55,55,19,32242,>25,better,better
female,yes,2,no,56,58,10,40758,0-25,same/worse,same/worse
female,yes,2,no,62,60,9,57275,>25,same/worse,same/worse
male,yes,2,no,63,58,12,38041,>25,better,better
male,yes,2,yes,70,70,12,76934,>25,better,better
female,yes,2,no,58,67,10,27392,>25,same/worse,same/worse
male,no,1,yes,74,NA,8,35561,>25,better,same/worse
male,yes,2,yes,67,62,17,34470,>25,better,better
female,yes,2,yes,64,67,18,29457,>25,same/worse,better
female,no,1,yes,83,NA,13,9764,>25,same/worse,better
female,yes,2,yes,69,75,6,47440,>25,better,same/worse
male,yes,2,yes,74,69,9,7160,0-25,better,same/worse
female,no,1,yes,74,NA,8,5882,0-25,same/worse,same/worse
male,yes,2,yes,71,68,12,28044,0-25,same/worse,same/worse
female,yes,2,yes,81,78,10,25820,0-25,same/worse,same/worse
male,yes,2,yes,67,64,11,33624,>25,better,better
female,yes,2,no,58,63,20,31209,>25,same/worse,better
male,yes,2,no,52,53,10,28373,>25,same/worse,same/worse
male,yes,2,no,59,57,14,72339,>25,same/worse,better
female,yes,2,no,56,59,13,28110,>25,same/worse,better
female,no,1,no,61,NA,15,13765,>25,same/worse,better
female,yes,2,yes,70,75,13,53407,0-25,better,same/worse
female,no,1,yes,81,NA,17,1148,>25,same/worse,same/worse
female,yes,2,yes,69,80,16,12397,0-25,better,better
male,yes,2,yes,78,74,3,5441,0-25,same/worse,same/worse
female,yes,2,yes,66,72,17,25333,>25,better,better
male,yes,2,yes,65,61,13,17458,>25,same/worse,same/worse
female,yes,2,no,54,57,11,40766,>25,same/worse,same/worse
male,yes,2,no,56,56,12,44746,>25,better,better
female,no,1,yes,73,NA,14,20443,>25,better,better
female,yes,2,yes,75,73,14,39010,>25,same/worse,better
male,yes,2,yes,74,70,18,44877,>25,same/worse,same/worse
female,no,1,yes,70,NA,16,12924,>25,same/worse,same/worse
male,yes,2,yes,67,67,9,40304,>25,better,better
female,yes,2,yes,68,71,12,28390,>25,same/worse,better
male,yes,2,no,53,53,13,16375,>25,same/worse,same/worse
female,no,1,yes,74,NA,8,17669,0-25,better,better
female,yes,2,yes,73,70,18,40189,>25,same/worse,same/worse
male,yes,2,yes,76,75,7,26564,>25,better,better
male,yes,2,yes,89,77,11,53466,>25,better,same/worse
male,yes,2,yes,71,67,15,34699,>25,better,better
female,yes,2,no,56,62,18,74316,>25,better,better
male,yes,2,yes,94,85,13,18548,0-25,same/worse,same/worse
female,yes,2,no,61,62,16,24496,>25,same/worse,better
male,no,1,yes,75,NA,12,11222,>25,better,better
female,yes,2,yes,71,75,11,50784,0-25,better,same/worse
male,yes,2,yes,74,72,11,126500,0-25,better,better
female,yes,2,no,60,60,19,26212,>25,better,better
male,yes,2,yes,73,82,14,21559,>25,better,better
male,no,1,yes,78,NA,11,19228,>25,better,better
male,yes,2,yes,69,68,14,32797,>25,same/worse,better
male,yes,2,yes,79,70,7,19784,0-25,same/worse,same/worse
female,yes,2,no,60,68,5,23445,>25,same/worse,same/worse
female,yes,2,yes,67,74,11,19835,>25,same/worse,same/worse
male,yes,2,yes,71,69,16,19846,>25,better,same/worse
male,no,1,yes,88,NA,12,4850,0-25,better,same/worse
female,no,1,yes,77,NA,8,1400,0-25,same/worse,same/worse
female,yes,2,yes,61,69,11,8092,>25,better,same/worse
female,yes,2,yes,96,85,8,59972,0-25,better,better
female,yes,2,yes,66,70,10,34280,>25,better,better
male,no,1,yes,71,NA,13,2878,>25,same/worse,same/worse
female,no,1,yes,75,NA,14,22236,>25,better,same/worse
female,yes,2,yes,87,78,10,12122,0-25,same/worse,same/worse
female,yes,3,no,53,58,12,41449,>25,better,better
female,yes,2,yes,74,72,7,28854,>25,better,same/worse
male,yes,2,yes,72,67,4,21554,0-25,same/worse,better
female,no,1,yes,81,NA,9,11866,0-25,better,better
male,yes,3,no,60,55,19,48104,>25,better,better
male,yes,2,yes,69,72,9,18804,0-25,same/worse,better
female,yes,2,no,55,59,19,39734,0-25,better,same/worse
female,no,1,yes,70,NA,6,49413,>25,same/worse,same/worse
female,no,1,yes,74,NA,13,28941,>25,better,better
female,yes,2,no,61,71,18,48097,>25,same/worse,same/worse
male,yes,2,yes,78,70,16,56925,>25,better,better
female,yes,3,no,59,62,12,39824,0-25,better,better
female,yes,2,no,69,66,12,23435,>25,same/worse,better
male,yes,2,no,55,58,13,23434,0-25,same/worse,same/worse
female,no,1,yes,66,NA,6,7256,0-25,better,same/worse
female,no,1,yes,71,NA,10,463,0-25,better,same/worse
female,yes,2,yes,74,71,14,19102,>25,better,same/worse
female,no,1,no,102,NA,11,9697,>25,same/worse,better
female,no,1,yes,73,NA,5,8342,0-25,same/worse,same/worse
male,yes,2,yes,69,66,15,25353,0-25,better,better
male,yes,2,yes,77,70,10,37682,0-25,same/worse,same/worse
female,yes,2,yes,81,75,7,20159,0-25,same/worse,same/worse
male,no,1,yes,80,NA,5,6313,0-25,same/worse,same/worse
female,yes,2,no,56,70,14,29268,>25,same/worse,better
male,yes,2,yes,82,74,14,56864,0-25,better,same/worse
female,no,1,yes,73,NA,5,17786,0-25,same/worse,same/worse
male,yes,2,yes,77,72,9,22218,>25,same/worse,same/worse
female,yes,2,no,53,60,25,83643,>25,same/worse,better
male,no,1,yes,73,NA,14,29467,0-25,better,better
male,yes,2,no,61,57,13,40547,>25,same/worse,same/worse
female,yes,2,no,59,68,16,53052,>25,same/worse,better
female,yes,2,yes,74,74,10,38862,0-25,same/worse,same/worse
male,yes,2,yes,69,80,17,21597,>25,better,better
female,no,1,no,62,NA,13,21205,>25,same/worse,better
female,no,1,yes,69,NA,3,5934,0-25,same/worse,same/worse
female,yes,2,yes,67,68,13,28732,>25,same/worse,same/worse
male,yes,2,no,57,70,19,47738,>25,better,better
female,yes,2,no,68,65,12,34875,>25,same/worse,better
female,yes,2,yes,67,74,11,26868,>25,better,same/worse
female,no,1,yes,75,NA,10,14039,0-25,same/worse,better
female,yes,2,yes,70,70,9,16273,0-25,same/worse,better
male,yes,2,yes,84,75,15,14855,0-25,same/worse,better
female,yes,2,yes,69,69,1,13836,0-25,same/worse,same/worse
male,yes,2,yes,69,69,9,42317,>25,better,better
female,no,1,yes,70,NA,12,4040,>25,same/worse,better
female,yes,2,no,58,60,13,33779,>25,same/worse,same/worse
female,no,1,yes,78,NA,17,654,0-25,same/worse,better
female,yes,2,yes,67,68,12,23300,>25,better,same/worse
male,yes,2,yes,65,62,10,45356,>25,same/worse,same/worse
female,no,1,no,59,NA,13,15253,>25,better,better
male,yes,2,yes,76,68,7,42563,0-25,same/worse,same/worse
female,yes,2,yes,66,68,10,28087,>25,same/worse,same/worse
male,no,1,no,61,NA,17,49879,>25,same/worse,better
female,yes,2,no,59,61,6,31495,0-25,same/worse,same/worse
female,no,1,no,82,NA,8,18829,0-25,same/worse,same/worse
female,no,1,yes,75,NA,16,8599,>25,better,better
male,no,1,yes,80,NA,4,3178,>25,same/worse,same/worse
female,no,1,yes,73,NA,1,27588,0-25,same/worse,better
female,yes,2,yes,85,78,17,96160,>25,better,better
male,yes,2,yes,74,71,10,49959,0-25,better,same/worse
male,yes,2,yes,70,69,12,61480,0-25,better,same/worse
female,yes,2,yes,77,77,15,42227,0-25,same/worse,better
female,no,1,yes,80,NA,16,21605,>25,better,better
female,no,1,yes,74,NA,8,13374,0-25,better,same/worse
female,yes,2,no,62,64,20,33041,>25,better,better
male,yes,2,no,72,63,11,81983,>25,same/worse,same/worse
male,no,1,yes,70,NA,21,56499,>25,better,better
male,no,1,no,68,NA,6,10411,>25,same/worse,better
male,yes,2,yes,71,68,13,18726,>25,better,same/worse
female,yes,2,yes,70,72,11,44074,0-25,same/worse,better
female,no,1,no,58,NA,19,43499,>25,better,better
male,yes,2,yes,78,72,9,10457,0-25,better,same/worse
female,yes,2,yes,69,74,7,77239,0-25,same/worse,same/worse
female,no,1,yes,71,NA,12,52929,>25,better,better
female,no,1,yes,73,NA,6,16695,>25,better,better
male,yes,2,yes,75,71,4,23155,0-25,better,same/worse
female,yes,2,yes,72,74,6,16754,0-25,same/worse,better
male,yes,2,yes,73,68,7,19768,>25,same/worse,same/worse
female,yes,2,yes,69,79,10,43131,>25,better,better
female,yes,2,yes,67,68,8,37643,>25,same/worse,same/worse
female,no,1,yes,76,NA,3,9538,0-25,same/worse,same/worse
female,no,1,no,71,NA,10,17501,>25,same/worse,better
female,yes,2,yes,64,69,13,100279,>25,better,same/worse
male,yes,2,yes,65,62,13,37304,>25,same/worse,same/worse
female,no,1,no,62,NA,20,9756,>25,better,better
female,yes,2,no,54,61,9,24796,>25,same/worse,same/worse
female,yes,2,yes,88,77,15,32603,0-25,same/worse,same/worse
male,no,1,yes,81,NA,9,2728,0-25,better,better
female,yes,2,yes,71,71,12,25316,>25,same/worse,same/worse
male,yes,2,yes,71,68,15,56528,>25,better,better
female,no,1,yes,86,NA,15,5973,0-25,better,better
male,yes,2,yes,72,65,12,11150,0-25,same/worse,same/worse
female,yes,2,yes,71,70,10,40724,0-25,same/worse,better
male,yes,2,yes,72,66,8,29880,0-25,better,same/worse
male,no,1,yes,70,NA,21,4721,>25,better,same/worse
female,no,1,yes,88,NA,7,6289,0-25,same/worse,same/worse
female,yes,2,yes,78,76,16,22958,>25,same/worse,better
female,yes,2,yes,66,78,16,20409,>25,better,better
male,yes,2,yes,67,70,18,23470,>25,better,better
male,yes,2,no,94,72,8,30032,0-25,same/worse,same/worse
female,no,1,yes,78,NA,5,3316,0-25,same/worse,same/worse
female,no,1,yes,69,NA,14,6425,>25,same/worse,better
male,yes,2,yes,92,77,15,59730,>25,better,better
female,yes,2,yes,65,72,11,25986,>25,same/worse,same/worse
female,no,1,yes,75,NA,13,9639,>25,same/worse,better
female,yes,2,no,56,67,15,33579,>25,better,better
male,yes,2,yes,68,65,11,74757,>25,same/worse,better
female,no,1,yes,81,NA,9,32205,0-25,same/worse,better
male,yes,2,yes,68,64,9,40310,>25,same/worse,same/worse
female,yes,2,yes,69,72,15,36677,0-25,same/worse,same/worse
female,yes,2,no,55,61,20,31691,>25,better,same/worse
male,yes,2,yes,70,68,7,34263,0-25,better,same/worse
female,yes,2,yes,67,78,15,34663,>25,same/worse,better
female,yes,3,yes,65,70,12,60600,>25,same/worse,same/worse
female,yes,2,yes,69,79,16,22658,0-25,better,better
male,yes,2,yes,70,66,9,26885,0-25,better,same/worse
female,yes,2,yes,68,70,11,24011,>25,same/worse,better
female,yes,2,no,57,60,3,15727,0-25,same/worse,same/worse
male,yes,2,yes,75,67,11,18501,0-25,same/worse,same/worse
male,yes,2,yes,73,66,12,34348,>25,same/worse,same/worse
female,yes,2,yes,68,70,12,24604,0-25,same/worse,same/worse
male,yes,2,yes,70,76,13,26583,>25,better,better
female,yes,2,no,54,60,17,33424,>25,better,better
male,yes,2,yes,73,66,11,17659,0-25,same/worse,same/worse
male,no,1,no,65,NA,15,11933,>25,same/worse,better
male,yes,2,yes,82,72,12,15400,>25,same/worse,better
male,no,1,no,74,NA,11,21700,>25,better,better
male,yes,2,yes,80,72,8,10780,0-25,same/worse,same/worse
female,yes,2,no,60,62,10,14862,0-25,same/worse,better
male,no,1,yes,83,NA,9,11679,0-25,same/worse,same/worse
female,no,1,no,65,NA,7,14240,>25,better,better
male,yes,2,yes,86,75,14,57466,0-25,better,same/worse
male,yes,2,yes,72,67,13,13371,0-25,same/worse,same/worse
female,yes,2,yes,82,77,8,53205,0-25,same/worse,same/worse
female,no,1,yes,96,NA,12,55567,0-25,better,better
female,yes,2,yes,65,67,8,50370,0-25,better,better
male,yes,2,yes,72,66,8,23784,>25,same/worse,same/worse
female,no,1,no,62,NA,17,40929,>25,better,better
male,yes,2,yes,71,72,13,38529,>25,better,better
female,yes,2,yes,70,74,9,34123,>25,better,same/worse
female,yes,2,no,71,66,18,54798,>25,same/worse,better
female,yes,2,yes,79,77,17,33448,>25,same/worse,better
male,yes,2,yes,69,65,10,44793,0-25,same/worse,same/worse
male,yes,2,no,61,58,8,73620,0-25,better,same/worse
female,yes,2,no,56,64,13,25100,0-25,same/worse,same/worse
female,no,1,yes,69,NA,11,16036,>25,same/worse,better
male,no,1,yes,73,NA,10,20792,>25,better,better
male,yes,2,yes,70,67,8,25995,>25,better,same/worse
female,yes,2,yes,79,76,7,52764,0-25,better,better
male,yes,2,yes,74,67,12,18227,0-25,better,same/worse
male,yes,2,yes,69,67,9,17861,>25,better,better
female,no,1,yes,70,NA,6,6637,0-25,same/worse,better
male,yes,2,yes,84,71,12,3761,0-25,same/worse,same/worse
female,yes,2,yes,97,83,10,5611,0-25,same/worse,same/worse
male,yes,2,no,55,53,16,27366,>25,same/worse,better
female,yes,2,no,57,58,18,36155,>25,better,better
female,yes,3,no,65,66,20,36978,>25,same/worse,better
male,yes,2,yes,67,63,14,22230,>25,same/worse,same/worse
female,yes,2,yes,66,68,10,69156,0-25,same/worse,better
male,yes,2,yes,75,73,11,94680,>25,better,better
female,yes,2,no,57,62,11,34388,>25,better,same/worse
female,no,2,no,56,NA,8,34528,>25,same/worse,same/worse
male,yes,2,yes,67,72,14,49618,>25,same/worse,same/worse
female,yes,2,yes,70,72,17,30150,>25,better,better
male,yes,2,yes,84,83,13,29660,>25,same/worse,better
male,no,1,yes,75,NA,9,24751,0-25,same/worse,same/worse
male,yes,2,yes,67,76,22,26932,>25,better,better
female,no,1,yes,71,NA,4,3297,0-25,same/worse,same/worse
male,yes,3,no,69,57,14,45789,>25,better,same/worse
female,yes,2,yes,69,75,8,30095,0-25,better,better
male,yes,2,yes,89,81,15,37377,0-25,same/worse,better
female,yes,2,yes,74,77,19,127415,>25,better,better
male,yes,2,yes,72,66,13,24899,0-25,same/worse,better
male,yes,2,yes,79,68,16,35651,>25,better,same/worse
female,yes,2,yes,71,76,10,44940,0-25,same/worse,better
female,yes,2,no,56,72,10,15393,0-25,same/worse,same/worse
male,yes,2,yes,69,65,8,16703,0-25,same/worse,same/worse
female,no,1,yes,73,NA,9,369,0-25,better,better
female,yes,2,yes,85,82,6,12740,>25,same/worse,same/worse
female,yes,2,yes,68,70,6,21908,0-25,same/worse,same/worse
male,yes,2,yes,71,66,2,34135,0-25,same/worse,better
female,yes,2,no,62,67,18,26057,0-25,better,better
male,yes,2,no,55,52,8,51742,>25,same/worse,same/worse
female,yes,2,no,58,65,18,26242,>25,better,better
female,yes,2,yes,70,73,11,64963,0-25,better,better
male,yes,2,yes,72,69,16,24224,>25,better,better
male,no,1,yes,93,NA,8,7264,>25,better,better
male,yes,2,yes,67,62,13,26514,>25,same/worse,same/worse
female,no,1,yes,71,NA,6,22455,0-25,better,same/worse
female,yes,2,yes,71,72,11,17821,0-25,same/worse,same/worse
female,no,1,yes,72,NA,9,9441,>25,better,better
male,yes,2,no,58,59,13,23752,>25,same/worse,same/worse
female,yes,2,yes,71,77,8,22266,>25,same/worse,better
female,no,1,yes,74,NA,13,13080,>25,same/worse,better
female,no,1,yes,93,NA,3,35352,0-25,same/worse,same/worse
male,yes,2,yes,82,71,9,8309,>25,better,same/worse
female,no,1,no,64,NA,12,22896,>25,better,better
male,yes,2,no,57,57,9,71316,>25,better,same/worse
female,yes,2,no,59,61,10,24323,0-25,same/worse,same/worse
male,yes,2,yes,73,67,11,20666,0-25,same/worse,same/worse
female,yes,2,yes,66,69,11,26571,0-25,same/worse,same/worse
male,no,1,no,65,NA,9,19734,>25,better,better
female,yes,2,no,55,57,13,29768,>25,same/worse,same/worse
male,yes,2,no,61,58,12,37763,>25,better,better
male,yes,2,yes,70,67,10,15629,0-25,same/worse,same/worse
female,yes,2,yes,72,72,11,28516,>25,same/worse,better
female,no,1,no,77,NA,13,20549,>25,better,same/worse
male,yes,2,yes,75,69,15,56636,>25,same/worse,better
female,yes,2,yes,70,73,11,42485,>25,same/worse,better
female,no,1,no,62,NA,8,27177,0-25,same/worse,better
male,yes,2,no,54,51,20,50239,>25,better,better
female,no,1,yes,84,NA,5,1333,0-25,better,better
female,yes,2,yes,77,75,13,19791,0-25,same/worse,better
male,yes,2,no,58,57,15,36238,>25,better,better
female,no,1,yes,75,NA,7,20129,0-25,same/worse,same/worse
female,yes,2,no,63,62,12,41698,>25,same/worse,better
male,yes,2,no,58,56,14,41751,>25,same/worse,better
female,no,1,yes,74,NA,10,2691,>25,same/worse,same/worse
female,yes,2,no,57,65,15,28701,>25,better,better
female,yes,2,yes,67,79,11,23285,>25,same/worse,better
male,yes,2,yes,73,71,5,68117,>25,same/worse,same/worse
male,yes,2,yes,78,70,11,17702,0-25,better,same/worse
female,yes,2,yes,75,75,4,22803,0-25,same/worse,same/worse
male,yes,2,no,65,58,18,38592,>25,better,better
female,yes,2,no,64,66,20,52783,>25,same/worse,same/worse
female,no,1,yes,100,NA,3,10318,0-25,same/worse,same/worse
male,yes,2,no,55,59,14,38607,>25,better,better
female,yes,2,yes,70,73,14,64736,>25,better,better
female,no,1,yes,82,NA,11,7116,0-25,better,same/worse
female,no,1,yes,72,NA,4,252,0-25,same/worse,better
female,yes,2,no,58,59,12,54528,>25,same/worse,better
male,yes,2,yes,74,68,16,46156,>25,better,better
female,yes,2,yes,87,79,10,10113,0-25,same/worse,same/worse
female,yes,2,yes,66,71,23,43218,>25,same/worse,better
male,yes,2,no,59,66,16,26191,0-25,better,better
male,yes,2,yes,75,72,8,18954,0-25,same/worse,same/worse
female,yes,2,yes,67,73,10,28201,0-25,same/worse,same/worse
female,no,1,yes,80,NA,7,6488,0-25,better,same/worse
male,yes,2,yes,72,67,11,20961,>25,same/worse,better
female,yes,2,yes,90,80,11,23073,>25,same/worse,better
female,no,1,yes,83,NA,12,18773,>25,same/worse,better
male,no,1,yes,73,NA,11,5384,>25,same/worse,same/worse
female,no,1,yes,83,NA,16,12109,>25,same/worse,better
female,yes,2,no,54,61,9,23956,0-25,better,same/worse
female,no,1,yes,77,NA,12,36917,0-25,better,better
female,no,1,yes,72,NA,8,23585,0-25,same/worse,same/worse
male,yes,2,yes,68,64,14,36790,>25,same/worse,same/worse
male,yes,2,yes,68,66,10,22844,>25,same/worse,same/worse
female,yes,2,yes,78,73,13,15681,0-25,same/worse,same/worse
female,no,2,yes,69,NA,5,14441,0-25,same/worse,better
female,no,1,no,59,NA,15,42027,0-25,same/worse,same/worse
female,yes,2,yes,71,71,9,24609,>25,same/worse,better
female,yes,2,no,55,57,12,16977,>25,same/worse,same/worse
female,yes,2,no,55,61,14,28900,>25,better,same/worse
female,yes,2,yes,74,81,7,11092,0-25,better,better
female,yes,2,yes,69,76,7,41856,>25,same/worse,better
male,yes,2,no,60,68,6,17144,>25,same/worse,same/worse
male,yes,2,no,70,60,15,25949,0-25,same/worse,same/worse
male,yes,2,yes,72,69,6,44466,>25,same/worse,same/worse
male,yes,2,yes,75,66,8,4538,0-25,same/worse,same/worse
female,yes,2,yes,70,69,14,7874,0-25,better,same/worse
female,yes,2,yes,66,70,10,25380,>25,better,better
male,yes,2,yes,73,74,13,18639,>25,better,better
male,yes,2,yes,68,72,9,57436,>25,better,better
female,yes,2,yes,85,78,9,24812,0-25,same/worse,better
female,no,1,yes,73,NA,8,11303,0-25,same/worse,same/worse
female,no,1,yes,92,NA,5,29281,0-25,same/worse,same/worse
female,yes,2,yes,67,71,6,45684,>25,better,better
female,yes,3,no,74,73,13,57630,>25,same/worse,better
male,yes,3,no,54,52,15,54264,>25,same/worse,better
male,no,1,yes,73,NA,11,464,>25,better,same/worse
female,no,1,yes,81,NA,13,16910,0-25,same/worse,better
female,no,1,yes,76,NA,6,8017,0-25,same/worse,same/worse
female,yes,2,no,62,65,6,50771,0-25,same/worse,same/worse
male,yes,2,no,66,67,10,70998,0-25,same/worse,same/worse
female,no,1,yes,74,NA,11,13401,>25,same/worse,same/worse
female,no,1,yes,85,NA,12,17172,>25,same/worse,same/worse
male,no,1,no,67,NA,9,8558,0-25,same/worse,same/worse
female,no,1,no,57,NA,11,17748,>25,same/worse,better
male,no,1,yes,75,NA,9,3197,0-25,same/worse,same/worse
male,yes,2,yes,73,67,8,15955,0-25,same/worse,same/worse
female,yes,2,yes,72,72,10,13486,0-25,better,better
female,yes,2,yes,70,73,19,18656,>25,better,better
male,no,1,yes,75,NA,7,71152,0-25,same/worse,better
female,yes,2,no,65,63,9,29602,>25,same/worse,better
male,yes,2,yes,71,68,12,36934,>25,same/worse,better
male,yes,2,no,59,55,10,64678,0-25,better,same/worse
female,yes,2,yes,66,73,6,26616,0-25,same/worse,better
female,no,1,yes,74,NA,9,32022,0-25,same/worse,same/worse
female,yes,2,yes,65,72,6,50070,0-25,same/worse,same/worse
male,yes,2,yes,67,64,8,46976,>25,same/worse,better
female,no,1,yes,69,NA,18,7038,>25,better,better
female,yes,2,yes,71,75,4,17457,>25,same/worse,better
male,yes,2,no,57,56,9,51551,>25,better,same/worse
female,yes,2,no,53,60,9,36138,>25,same/worse,better
male,yes,2,no,61,63,8,29324,>25,same/worse,same/worse
female,yes,2,yes,78,74,8,22061,0-25,same/worse,better
male,no,1,yes,76,NA,11,5736,>25,same/worse,same/worse
male,no,2,no,58,NA,10,48360,0-25,better,same/worse
female,yes,2,no,74,75,18,9760,>25,same/worse,better
male,yes,2,yes,73,66,5,14889,0-25,same/worse,same/worse
female,no,1,yes,78,NA,15,4376,>25,better,same/worse
female,yes,2,yes,71,71,9,21493,>25,same/worse,same/worse
female,yes,2,yes,76,88,8,35931,0-25,same/worse,better
male,yes,2,yes,73,70,3,22085,0-25,same/worse,same/worse
female,no,1,yes,76,NA,23,21614,>25,better,better
male,yes,2,no,71,62,9,21681,0-25,better,same/worse
female,yes,2,no,65,64,7,12910,0-25,same/worse,same/worse
female,yes,2,no,60,68,12,40608,>25,better,better
male,yes,2,yes,73,67,15,25343,0-25,same/worse,same/worse
male,yes,2,yes,83,73,16,112548,>25,better,same/worse
female,yes,2,no,56,65,15,28999,>25,same/worse,better
female,no,2,no,55,NA,17,34098,>25,same/worse,better
male,no,1,yes,70,NA,9,47042,>25,better,same/worse
female,yes,2,yes,77,73,9,12062,>25,same/worse,same/worse
male,yes,2,yes,77,69,9,76846,0-25,better,better
female,no,1,no,58,NA,18,24219,>25,same/worse,better
female,yes,2,no,56,60,17,26618,>25,better,better
female,no,1,yes,78,NA,11,676,>25,same/worse,better
male,yes,3,no,59,62,10,40947,>25,same/worse,better
female,yes,2,yes,94,82,10,18672,>25,better,same/worse
female,no,1,yes,78,NA,10,3014,0-25,same/worse,better
male,yes,2,yes,73,70,13,40985,0-25,better,better
female,yes,2,no,73,68,11,18491,>25,better,better
male,no,1,no,60,NA,9,31019,0-25,better,same/worse
female,yes,2,yes,68,78,12,29686,>25,better,better
female,yes,2,no,63,62,9,20762,0-25,better,same/worse
male,no,1,yes,73,NA,12,8068,0-25,same/worse,same/worse
female,yes,2,yes,69,71,8,82579,>25,same/worse,same/worse
male,no,1,no,65,NA,13,39541,>25,same/worse,same/worse
female,yes,2,no,64,71,9,20779,0-25,same/worse,same/worse
male,yes,2,yes,68,65,17,15754,>25,same/worse,same/worse
female,no,1,yes,76,NA,12,16541,>25,better,better
male,yes,2,yes,70,66,12,28678,>25,better,same/worse
female,yes,2,yes,73,73,12,34813,>25,same/worse,better
male,no,2,no,59,NA,11,23754,>25,better,better
male,yes,2,yes,77,68,16,22645,>25,same/worse,same/worse
female,yes,2,no,58,60,17,27664,>25,better,better
male,no,1,yes,77,NA,9,1597,0-25,same/worse,same/worse
female,yes,2,yes,67,71,11,52523,>25,better,same/worse
female,no,1,yes,71,NA,10,8465,>25,same/worse,better
female,yes,2,no,62,63,17,33837,0-25,same/worse,same/worse
male,no,1,no,59,NA,17,15570,>25,better,same/worse
female,no,1,yes,81,NA,20,7243,>25,better,better
female,no,1,yes,69,NA,14,16785,>25,same/worse,better
female,yes,2,no,67,64,13,52420,>25,better,better
male,yes,2,no,57,55,17,30798,>25,same/worse,better
female,no,1,yes,73,NA,13,57803,>25,better,better
female,no,1,yes,77,NA,12,1898,>25,same/worse,better
female,no,1,yes,74,NA,14,11749,>25,better,better
female,no,1,yes,78,NA,4,19232,0-25,same/worse,better
male,no,1,no,65,NA,12,45664,>25,same/worse,same/worse
male,no,1,yes,79,NA,9,10521,>25,same/worse,same/worse
female,yes,2,no,69,70,10,29957,0-25,same/worse,same/worse
female,no,1,no,60,NA,10,54498,0-25,better,better
male,no,1,yes,75,NA,17,18974,>25,same/worse,better
male,yes,2,yes,69,68,16,48717,0-25,better,better
female,yes,2,yes,98,82,11,19885,>25,same/worse,same/worse
male,no,1,yes,83,NA,13,5508,0-25,better,better
female,no,1,yes,70,NA,11,15289,>25,better,better
female,yes,2,yes,71,71,20,37803,>25,same/worse,better
female,yes,2,yes,74,78,9,40646,0-25,better,better
male,no,3,yes,67,NA,9,26909,>25,same/worse,same/worse
female,no,1,yes,78,NA,7,17130,0-25,same/worse,same/worse
female,yes,2,yes,68,70,7,9942,0-25,same/worse,same/worse
male,yes,2,yes,70,67,12,38392,0-25,same/worse,better
female,yes,2,yes,76,72,12,47009,>25,same/worse,same/worse
female,no,1,yes,70,NA,7,21650,0-25,better,same/worse
male,yes,2,yes,75,72,14,12641,>25,better,better
female,yes,2,yes,69,73,20,24651,>25,better,better
female,yes,2,yes,68,69,6,64839,0-25,same/worse,same/worse
female,no,1,no,67,NA,15,41553,>25,better,same/worse
male,no,1,yes,77,NA,7,392,0-25,same/worse,same/worse
male,no,2,yes,78,NA,12,24743,0-25,better,better
male,yes,2,yes,77,70,14,34026,0-25,better,same/worse
female,yes,2,yes,69,70,7,11061,>25,same/worse,same/worse
female,no,1,yes,71,NA,10,8715,>25,same/worse,better
female,no,1,yes,74,NA,10,5066,>25,better,same/worse
female,no,1,yes,72,NA,13,23200,>25,same/worse,better
female,yes,2,yes,71,73,9,5955,0-25,same/worse,better
female,yes,2,yes,71,75,11,30083,>25,same/worse,same/worse
male,yes,2,no,69,66,12,35292,>25,better,better
female,no,1,yes,74,NA,14,1668,>25,better,better
male,yes,2,yes,80,69,12,19248,>25,better,same/worse
female,yes,2,no,59,70,13,19297,>25,same/worse,better
female,no,1,yes,70,NA,13,6483,>25,same/worse,same/worse
male,yes,2,yes,71,68,13,31572,>25,better,better
female,yes,2,yes,69,72,8,81025,>25,same/worse,better
male,yes,2,no,63,60,10,26643,0-25,same/worse,same/worse
female,yes,2,yes,74,83,13,12288,0-25,better,better
male,yes,2,yes,74,69,10,19492,>25,better,same/worse
female,yes,2,yes,72,71,12,16545,0-25,same/worse,same/worse
male,yes,2,no,63,57,18,39735,>25,better,better
female,yes,2,no,61,61,11,37704,0-25,same/worse,same/worse
male,yes,2,no,70,66,15,58804,>25,same/worse,better
female,yes,2,yes,63,66,17,27022,>25,same/worse,same/worse
male,yes,2,yes,82,70,14,5213,0-25,same/worse,same/worse
female,yes,2,yes,61,66,6,16190,>25,same/worse,same/worse
male,yes,2,yes,71,67,14,51780,>25,better,better
female,yes,4,no,50,61,17,57461,>25,better,better
male,yes,2,no,61,58,15,19896,0-25,better,same/worse
female,yes,2,yes,71,72,12,30854,>25,better,same/worse
male,yes,3,no,66,66,19,37596,>25,better,better
male,yes,2,yes,73,67,12,33356,>25,better,same/worse
female,yes,2,yes,67,75,9,68361,>25,same/worse,same/worse
female,yes,2,yes,68,74,12,76528,0-25,better,better
male,yes,2,yes,69,66,12,25433,0-25,same/worse,same/worse
female,no,1,yes,73,NA,13,9598,>25,better,same/worse
female,yes,2,yes,73,72,13,34443,0-25,same/worse,better
male,yes,2,no,63,58,15,93938,>25,better,better
male,yes,2,no,66,62,11,32334,>25,better,same/worse
female,yes,2,yes,69,73,18,38040,>25,better,better
male,no,1,no,58,NA,19,23125,>25,same/worse,same/worse
female,no,2,no,72,NA,14,8219,>25,same/worse,same/worse
male,yes,2,no,58,56,13,46147,0-25,better,better
female,yes,2,yes,75,72,17,50621,>25,better,better
female,yes,2,yes,65,67,11,65828,>25,same/worse,same/worse
male,yes,2,yes,74,67,14,22913,>25,better,better
male,no,4,yes,64,NA,7,58078,>25,better,better
female,yes,2,no,65,64,16,26515,>25,better,better
female,no,1,yes,79,NA,5,36752,>25,same/worse,same/worse
female,no,1,no,63,NA,13,7193,>25,same/worse,better
male,yes,2,yes,68,70,10,26631,0-25,better,better
female,yes,2,yes,67,69,22,42026,>25,better,same/worse
female,yes,2,yes,77,78,19,16928,>25,same/worse,better
male,yes,2,yes,78,69,7,10687,0-25,same/worse,same/worse
female,no,1,yes,77,NA,3,12050,0-25,same/worse,better
male,yes,2,yes,70,68,15,41480,>25,same/worse,same/worse
female,yes,2,yes,68,69,15,42484,>25,same/worse,better
female,yes,2,yes,73,73,9,28395,0-25,better,same/worse
male,yes,2,no,60,63,16,33734,>25,better,better
female,no,1,yes,74,NA,7,17790,0-25,same/worse,same/worse
female,yes,2,no,62,64,12,70267,0-25,same/worse,same/worse
male,yes,2,yes,75,69,11,40902,0-25,better,same/worse
male,yes,2,no,63,61,9,24881,0-25,same/worse,same/worse
female,yes,2,no,60,60,11,26354,>25,same/worse,same/worse
male,no,1,yes,75,NA,3,27974,>25,better,same/worse
female,no,1,yes,72,NA,13,37056,>25,same/worse,better
male,yes,2,yes,73,69,8,17716,0-25,better,same/worse
female,yes,2,yes,76,73,12,28253,0-25,same/worse,same/worse
male,yes,2,yes,69,65,13,25638,>25,same/worse,better
female,yes,2,yes,66,73,16,30222,>25,same/worse,better
female,yes,2,yes,80,78,8,6901,0-25,same/worse,better
male,yes,2,yes,73,72,5,51139,0-25,better,same/worse
female,yes,2,no,57,61,11,33992,>25,better,same/worse
male,yes,2,no,56,57,11,56396,>25,same/worse,same/worse
female,yes,2,no,59,65,9,35946,>25,same/worse,same/worse
male,yes,2,no,60,56,9,74779,>25,same/worse,better
male,yes,2,yes,79,71,7,65290,0-25,same/worse,same/worse
male,yes,2,yes,69,68,11,56062,>25,better,better
male,no,1,yes,71,NA,9,2941,0-25,same/worse,same/worse
male,yes,2,yes,70,71,18,41118,0-25,better,same/worse
female,yes,2,yes,67,69,4,21763,0-25,better,same/worse
female,yes,2,yes,77,73,13,37504,0-25,better,better
female,no,1,no,61,NA,7,9259,0-25,same/worse,better
male,no,1,yes,75,NA,12,14968,>25,same/worse,better
female,yes,2,yes,67,73,14,95159,>25,better,same/worse
female,no,1,yes,81,NA,7,709,>25,better,better
male,yes,2,no,55,54,12,31203,>25,better,better
male,yes,2,yes,70,64,11,17367,0-25,same/worse,same/worse
female,no,1,no,62,NA,6,18336,0-25,same/worse,same/worse
female,no,1,no,64,NA,14,23030,>25,same/worse,same/worse
male,yes,2,yes,70,69,13,28137,>25,same/worse,better
male,yes,2,yes,79,78,10,32116,0-25,same/worse,same/worse
female,yes,2,yes,70,84,10,29037,0-25,better,better
male,yes,2,yes,73,67,9,16554,0-25,same/worse,same/worse
female,yes,2,yes,66,84,13,72372,>25,same/worse,better
male,no,1,yes,77,NA,20,9738,>25,better,better
female,no,1,yes,75,NA,2,950,0-25,better,same/worse
female,yes,2,no,69,65,18,36747,>25,same/worse,better
female,no,1,yes,74,NA,9,10701,0-25,same/worse,same/worse
female,yes,2,yes,75,75,7,19457,>25,same/worse,same/worse
female,yes,2,yes,66,70,12,38600,>25,same/worse,better
male,yes,2,yes,76,73,14,28144,>25,better,same/worse
female,no,1,no,58,NA,13,42517,>25,better,same/worse
female,no,1,yes,82,NA,8,5452,>25,better,better
male,no,1,yes,76,NA,8,22915,0-25,same/worse,same/worse
